{"cameraMode":{"drawMode":0,"name":"Shaded","section":"Shading Mode"},"sceneLighting":true,"audioPlay":false,"sceneViewState":{"m_AlwaysRefresh":false,"showFog":true,"showSkybox":true,"showFlares":true,"showImageEffects":true,"showParticleSystems":true,"showVisualEffectGraphs":true,"m_FxEnabled":true},"in2DMode":false,"pivot":{"x":-93.65579223632813,"y":-30.449710845947267,"z":55.95542907714844},"rotation":{"x":-0.013572818599641323,"y":0.9266200065612793,"z":-0.03366169333457947,"w":-0.37375006079673769},"size":15.460593223571778,"orthographic":false}